filename,mfcc1,mfcc2,mfcc3,mfcc4,mfcc5,mfcc6,mfcc7,mfcc8,mfcc9,mfcc10,mfcc11,mfcc12,mfcc13,mfcc14,mfcc15,mfcc16,mfcc17,mfcc18,mfcc19,mfcc20,mfcc21,mfcc22,mfcc23,mfcc24,mfcc25,mfcc26,mfcc27,mfcc28,mfcc29,mfcc30,mfcc31,mfcc32,mfcc33,mfcc34,mfcc35,mfcc36,mfcc37,mfcc38,mfcc39,mfcc40,label
Signal,-381.9207763671875,106.22344207763672,56.93843078613281,35.12889862060547,20.76645278930664,13.804060935974121,10.676319122314453,7.086572647094727,6.181455135345459,5.430876731872559,2.332066059112549,2.318448781967163,-1.870474100112915,2.8469536304473877,-0.16023294627666473,-0.25165075063705444,-2.0110485553741455,-0.8106205463409424,0.9669916033744812,-0.8383786082267761,-2.0639028549194336,-2.10528564453125,-2.626807928085327,-1.2803658246994019,-1.0679337978363037,-1.1376304626464844,-1.5896822214126587,-4.959146976470947,-7.970322608947754,-12.010584831237793,-12.982331275939941,-11.206195831298828,-6.776908874511719,-4.827850818634033,-2.8640317916870117,-2.9427683353424072,-1.9659650325775146,-2.2469706535339355,-3.1007368564605713,-2.66194486618042
