filename,mfcc1,mfcc2,mfcc3,mfcc4,mfcc5,mfcc6,mfcc7,mfcc8,mfcc9,mfcc10,mfcc11,mfcc12,mfcc13,mfcc14,mfcc15,mfcc16,mfcc17,mfcc18,mfcc19,mfcc20,mfcc21,mfcc22,mfcc23,mfcc24,mfcc25,mfcc26,mfcc27,mfcc28,mfcc29,mfcc30,mfcc31,mfcc32,mfcc33,mfcc34,mfcc35,mfcc36,mfcc37,mfcc38,mfcc39,mfcc40,label
Signal,-283.2796630859375,63.10883331298828,-2.20389986038208,57.70840835571289,12.53399658203125,19.30581283569336,4.7022504806518555,22.595991134643555,-0.2799330949783325,10.481046676635742,6.494734764099121,14.963374137878418,-2.750441551208496,14.566466331481934,5.867837905883789,7.053024768829346,6.651512622833252,8.371352195739746,5.73272705078125,4.910605430603027,5.696505069732666,5.846789360046387,4.531480312347412,5.214040756225586,6.3609113693237305,2.2383952140808105,6.540716171264648,3.6237220764160156,5.607529640197754,3.361720561981201,4.80712366104126,3.685377359390259,5.121496200561523,3.446071147918701,5.498141765594482,2.8503975868225098,3.1369757652282715,3.3863418102264404,3.7023043632507324,4.671619892120361
