filename,mfcc1,mfcc2,mfcc3,mfcc4,mfcc5,mfcc6,mfcc7,mfcc8,mfcc9,mfcc10,mfcc11,mfcc12,mfcc13,mfcc14,mfcc15,mfcc16,mfcc17,mfcc18,mfcc19,mfcc20,mfcc21,mfcc22,mfcc23,mfcc24,mfcc25,mfcc26,mfcc27,mfcc28,mfcc29,mfcc30,mfcc31,mfcc32,mfcc33,mfcc34,mfcc35,mfcc36,mfcc37,mfcc38,mfcc39,mfcc40,label
Signal,-282.3691101074219,47.31435012817383,-31.75623321533203,50.923255920410156,1.6740412712097168,11.894828796386719,-1.6269779205322266,17.5362606048584,12.79575252532959,3.7505314350128174,0.5465815663337708,8.292021751403809,-16.306135177612305,12.200350761413574,1.0753453969955444,0.3552580773830414,6.939988136291504,2.62577748298645,7.478881359100342,4.13934850692749,4.8790082931518555,11.019481658935547,4.517115592956543,7.625682353973389,9.558401107788086,-0.1623912900686264,10.28409481048584,6.492626667022705,5.7314863204956055,6.511458396911621,7.915781021118164,10.526700019836426,8.604288101196289,4.758652687072754,10.955209732055664,7.7060441970825195,7.32214879989624,6.307218074798584,4.054543972015381,6.57213830947876
